Date,Open (₹),High (₹),Low (₹),Close (₹),Volume,Daily Return (%),Cumulative Return (%),SMA 20,SMA 50,SMA 200,EMA 12,EMA 26,MACD,RSI (14),Signal
2023-01-02,3160.04,3182.55,3134.23,3163.2,3091171,,0.0,,,,,,,,Hold
2023-01-03,3158.49,3167.66,3103.75,3145.83,3965570,-0.549,-0.55,,,,,,,,Hold
2023-01-04,3133.69,3154.1,3095.47,3147.38,1714619,0.049,-0.5,,,,,,,,Hold
2023-01-05,3129.66,3171.85,3112.7,3163.09,1398764,0.499,0.0,,,,,,,,Hold
2023-01-06,3150.77,3158.25,3100.54,3133.46,4052984,-0.937,-0.94,,,,,,,,Hold
2023-01-09,3135.12,3143.59,3114.5,3133.85,2344290,0.012,-0.93,,,,,,,,Hold
2023-01-10,3121.8,3180.3,3081.85,3134.13,1930408,0.009,-0.92,,,,,,,,Hold
2023-01-11,3131.78,3159.98,3029.04,3068.45,1359508,-2.096,-3.0,,,,,,,,Hold
2023-01-12,3056.64,3147.89,3038.37,3106.23,3694401,1.231,-1.8,,,,,,,,Hold
2023-01-13,3098.94,3134.63,3098.25,3128.92,3130567,0.73,-1.08,,,,,,,,Hold
2023-01-16,3141.35,3153.61,3099.4,3105.75,3387358,-0.741,-1.82,,,,,,,,Hold
2023-01-17,3107.14,3113.26,3087.96,3099.67,2053248,-0.196,-2.01,,,,3127.5,,,,Hold
2023-01-18,3101.3,3148.3,3067.48,3118.77,2235561,0.616,-1.4,,,,3126.15,,,,Hold
2023-01-19,3119.14,3127.43,3084.05,3109.3,977784,-0.304,-1.7,,,,3123.56,,,,Hold
2023-01-20,3118.12,3154.15,3054.24,3100.56,3885012,-0.281,-1.98,,,,3120.02,,,37.84,Hold
2023-01-23,3103.7,3113.82,3026.58,3046.8,4267455,-1.734,-3.68,,,,3108.76,,,33.16,Hold
2023-01-24,3054.11,3089.29,3052.54,3067.38,3235011,0.675,-3.03,,,,3102.39,,,37.22,Hold
2023-01-25,3059.74,3087.97,3033.36,3072.24,2836883,0.158,-2.88,,,,3097.75,,,34.97,Hold
2023-01-27,3061.9,3089.87,3035.68,3082.67,1545971,0.339,-2.55,,,,3095.43,,,41.03,Hold
2023-01-30,3076.51,3109.23,2957.77,3026.51,3005267,-1.822,-4.32,3107.71,,,3084.83,,,34.16,Hold
2023-01-31,3034.63,3103.01,3011.98,3086.76,4078058,1.991,-2.42,3103.89,,,3085.13,,,44.06,Hold
2023-02-01,3092.39,3116.7,3079.69,3092.79,2723919,0.195,-2.23,3101.24,,,3086.31,,,53.59,Hold
2023-02-02,3085.97,3099.33,3062.45,3078.73,1061706,-0.455,-2.67,3097.8,,,3085.14,,,45.64,Hold
2023-02-03,3090.55,3167.59,3087.99,3154.0,2247647,2.445,-0.29,3097.35,,,3095.73,,,53.41,Hold
2023-02-06,3171.95,3194.75,3120.71,3152.6,3747463,-0.044,-0.34,3098.31,,,3104.48,,,56.77,Hold
2023-02-07,3155.45,3181.36,3051.64,3098.03,3459182,-1.731,-2.06,3096.51,,,3103.49,3108.35,-4.86,49.79,Hold
2023-02-08,3097.8,3124.59,3074.13,3083.28,1611232,-0.476,-2.53,3093.97,,,3100.38,3106.49,-6.11,45.45,Hold
2023-02-09,3090.35,3115.94,2976.67,2998.92,4075019,-2.736,-5.19,3090.5,,,3084.77,3098.52,-13.75,38.14,Hold
2023-02-10,3016.05,3043.79,3015.49,3036.98,2408912,1.269,-3.99,3087.03,,,3077.42,3093.97,-16.55,43.57,Hold
2023-02-13,3026.59,3058.26,3015.18,3022.11,3104289,-0.49,-4.46,3081.69,,,3068.91,3088.64,-19.73,47.29,Hold
2023-02-14,3032.33,3066.83,2988.64,2995.48,3954618,-0.881,-5.3,3076.18,,,3057.61,3081.74,-24.13,42.21,Hold
2023-02-15,3010.38,3058.32,3005.94,3034.33,2317572,1.297,-4.07,3072.91,,,3054.03,3078.23,-24.2,46.18,Hold
2023-02-16,3025.74,3040.82,2963.59,2974.52,3088277,-1.971,-5.96,3065.7,,,3041.8,3070.55,-28.75,40.08,Hold
2023-02-17,2973.35,3031.04,2967.2,2993.93,1041382,0.653,-5.35,3059.93,,,3034.43,3064.87,-30.44,46.8,Hold
2023-02-20,3001.14,3034.4,2907.0,2920.06,3356635,-2.467,-7.69,3050.91,,,3016.84,3054.15,-37.31,34.03,Hold
2023-02-21,2925.94,2944.46,2866.45,2897.15,2168622,-0.785,-8.41,3043.42,,,2998.42,3042.52,-44.1,31.85,Hold
2023-02-22,2895.08,2896.9,2828.22,2855.57,1533922,-1.435,-9.73,3032.83,,,2976.45,3028.67,-52.22,30.3,Hold
2023-02-23,2854.35,2932.43,2837.27,2905.95,2252166,1.764,-8.13,3024.52,,,2965.6,3019.58,-53.98,27.09,Hold
2023-02-24,2904.14,2992.31,2898.94,2967.83,1886860,2.129,-6.18,3018.78,,,2965.94,3015.74,-49.8,34.65,Hold
2023-02-27,2975.7,3003.94,2950.43,2956.4,1631458,-0.385,-6.54,3015.27,,,2964.48,3011.35,-46.87,37.33,Hold
2023-02-28,2959.56,2986.89,2944.82,2986.52,3858385,1.019,-5.59,3010.26,,,2967.87,3009.51,-41.64,41.57,Hold
2023-03-01,2985.16,3039.7,2978.2,2980.37,1042657,-0.206,-5.78,3004.64,,,2969.79,3007.35,-37.56,48.13,Hold
2023-03-02,2994.78,3003.43,2977.85,3000.98,2498723,0.692,-5.13,3000.75,,,2974.59,3006.88,-32.29,46.24,Hold
2023-03-03,2995.52,3041.8,2965.43,2974.17,1905664,-0.893,-5.98,2991.76,,,2974.52,3004.46,-29.94,45.11,Hold
2023-03-06,2988.62,2997.05,2907.39,2913.5,3183121,-2.04,-7.89,2979.8,,,2965.14,2997.72,-32.58,42.18,Hold
2023-03-08,2902.3,2931.77,2805.99,2850.75,1325020,-2.154,-9.88,2967.44,,,2947.54,2986.83,-39.29,33.26,Hold
2023-03-09,2853.41,2865.82,2849.95,2864.14,1235261,0.47,-9.45,2956.48,,,2934.71,2977.74,-43.03,39.01,Hold
2023-03-10,2848.94,2952.99,2848.52,2941.68,2806792,2.707,-7.0,2953.62,,,2935.78,2975.07,-39.29,45.34,Hold
2023-03-13,2935.72,2975.64,2912.38,2951.48,2477719,0.333,-6.69,2949.35,,,2938.2,2973.33,-35.13,53.17,Hold
2023-03-14,2954.59,2987.32,2932.16,2933.2,1189586,-0.619,-7.27,2944.9,3037.13,,2937.43,2970.35,-32.92,53.67,Sell
2023-03-15,2932.77,3016.18,2906.45,3001.08,1748948,2.314,-5.13,2945.18,3033.89,,2947.22,2972.63,-25.41,64.05,Hold
2023-03-16,2994.98,3020.92,2979.43,3010.23,3288364,0.305,-4.84,2943.98,3031.17,,2956.91,2975.41,-18.5,60.94,Hold
2023-03-17,3009.21,3036.83,3002.75,3014.5,1311637,0.142,-4.7,2945.97,3028.52,,2965.77,2978.31,-12.54,55.57,Hold
2023-03-20,3000.44,3050.84,2967.68,3024.24,3012915,0.323,-4.39,2947.49,3025.74,,2974.77,2981.71,-6.94,58.13,Hold
2023-03-21,3033.34,3046.89,3012.92,3020.04,3844250,-0.139,-4.53,2952.49,3023.47,,2981.73,2984.55,-2.82,54.28,Hold
2023-03-22,3032.76,3065.18,3004.59,3009.42,1857226,-0.352,-4.86,2958.1,3020.98,,2985.99,2986.39,-0.4,53.67,Hold
2023-03-23,3020.48,3072.77,2943.21,2958.21,1588322,-1.702,-6.48,2963.23,3017.46,,2981.72,2984.31,-2.59,44.98,Hold
2023-03-24,2966.12,3008.91,2954.24,2976.6,2495037,0.622,-5.9,2966.77,3015.63,,2980.93,2983.73,-2.8,50.29,Hold
2023-03-27,2959.99,2985.59,2914.65,2973.81,1800419,-0.094,-5.99,2967.07,3012.98,,2979.84,2983.0,-3.16,58.38,Hold
2023-03-28,2974.78,3043.63,2960.4,3016.98,2312677,1.452,-4.62,2970.1,3010.74,,2985.55,2985.52,0.03,74.41,Sell
2023-03-29,3016.18,3046.08,2972.61,3004.24,1687541,-0.422,-5.03,2970.98,3008.71,,2988.43,2986.9,1.53,70.62,Sell
2023-03-31,2986.08,3002.65,2921.36,2936.11,942992,-2.268,-7.18,2968.77,3005.44,,2980.38,2983.14,-2.76,49.16,Hold
2023-04-03,2945.36,2965.79,2917.7,2933.19,2947965,-0.099,-7.27,2965.38,3001.73,,2973.12,2979.44,-6.32,47.17,Hold
2023-04-05,2928.54,2997.62,2921.84,2993.6,2798015,2.06,-5.36,2966.35,2999.41,,2976.27,2980.49,-4.22,58.26,Hold
2023-04-06,3001.66,3022.68,2926.31,2980.42,3227720,-0.44,-5.78,2969.7,2997.01,,2976.91,2980.48,-3.57,46.68,Hold
2023-04-10,2974.9,3008.68,2945.67,2949.19,2339985,-1.048,-6.77,2974.62,2995.06,,2972.64,2978.17,-5.53,40.83,Hold
2023-04-11,2967.98,2971.78,2901.47,2907.54,4110820,-1.412,-8.08,2976.79,2991.86,,2962.63,2972.93,-10.3,35.56,Hold
2023-04-12,2898.15,2908.78,2851.78,2871.48,2182409,-1.24,-9.22,2973.28,2987.85,,2948.6,2965.42,-16.82,30.75,Sell
2023-04-13,2869.15,2881.49,2850.04,2861.71,3770678,-0.34,-9.53,2968.79,2983.43,,2935.24,2957.74,-22.5,30.32,Sell
2023-04-17,2875.17,2888.51,2810.27,2821.77,3982412,-1.396,-10.79,2963.22,2979.33,,2917.78,2947.67,-29.89,28.26,Sell
2023-04-18,2814.34,2888.18,2778.13,2873.04,1846160,1.817,-9.17,2956.82,2975.06,,2910.9,2942.14,-31.24,40.13,Sell
2023-04-19,2872.59,2889.97,2857.08,2863.87,4490318,-0.319,-9.46,2949.5,2970.48,,2903.66,2936.34,-32.68,36.66,Sell
2023-04-20,2865.51,2874.42,2863.12,2868.18,3081235,0.15,-9.33,2942.18,2966.27,,2898.2,2931.29,-33.09,37.54,Sell
2023-04-21,2868.28,2939.09,2838.12,2918.25,4386331,1.746,-7.74,2936.88,2961.55,,2901.29,2930.33,-29.04,38.54,Hold
2023-04-24,2920.28,2993.5,2919.03,2971.48,2212418,1.824,-6.06,2934.45,2957.93,,2912.09,2933.37,-21.28,46.52,Hold
2023-04-25,2963.9,2978.13,2943.81,2964.49,2278763,-0.235,-6.28,2932.21,2955.26,,2920.15,2935.68,-15.53,53.46,Hold
2023-04-26,2964.56,3001.84,2952.25,2976.89,4077840,0.418,-5.89,2933.14,2953.13,,2928.88,2938.73,-9.85,55.21,Hold
2023-04-27,2980.9,3029.58,2980.04,3003.75,3695977,0.902,-5.04,2934.5,2953.23,,2940.4,2943.55,-3.15,51.31,Hold
2023-04-28,3000.78,3012.96,2981.9,2997.4,3984216,-0.211,-5.24,2935.68,2952.44,,2949.17,2947.54,1.63,52.24,Hold
2023-05-02,2997.59,3002.15,2932.35,2934.04,3004119,-2.114,-7.24,2931.53,2950.68,,2946.84,2946.54,0.3,48.16,Hold
2023-05-03,2920.73,2966.56,2915.15,2956.21,1334231,0.756,-6.54,2929.13,2949.89,,2948.28,2947.25,1.03,56.21,Hold
2023-05-04,2956.67,3007.63,2945.82,2987.05,1388947,1.043,-5.57,2931.68,2948.94,,2954.25,2950.2,4.05,64.94,Hold
2023-05-05,2985.9,3004.52,2974.72,3001.05,1137160,0.469,-5.13,2935.07,2949.47,,2961.45,2953.97,7.48,67.82,Sell
2023-05-08,3004.1,3035.58,2952.1,2966.89,3598481,-1.138,-6.21,2933.73,2948.93,,2962.28,2954.93,7.35,68.84,Sell
2023-05-09,2974.13,2977.24,2954.42,2959.02,2166362,-0.265,-6.45,2932.66,2949.71,,2961.78,2955.23,6.55,62.58,Hold
2023-05-10,2948.73,2980.97,2932.33,2937.16,1344354,-0.739,-7.15,2932.06,2950.51,,2957.99,2953.89,4.1,60.34,Hold
2023-05-11,2944.7,2944.72,2903.14,2925.71,2883673,-0.39,-7.51,2932.97,2951.92,,2953.03,2951.8,1.23,57.95,Hold
2023-05-12,2913.19,3003.39,2879.89,2970.37,1094154,1.526,-6.1,2937.92,2953.2,,2955.7,2953.18,2.52,57.32,Hold
2023-05-15,2979.26,3050.62,2978.46,3024.0,1616827,1.805,-4.4,2946.03,2954.33,,2966.2,2958.42,7.78,57.36,Hold
2023-05-16,3038.68,3057.92,3026.47,3047.38,3600587,0.773,-3.66,2957.31,2956.15,,2978.69,2965.01,13.68,61.11,Hold
2023-05-17,3047.44,3104.65,3001.27,3066.53,3246123,0.628,-3.06,2966.99,2957.75,,2992.21,2972.53,19.68,61.8,Hold
2023-05-18,3050.81,3135.38,3037.72,3090.51,1124419,0.782,-2.3,2978.32,2959.95,,3007.33,2981.27,26.06,61.51,Hold
2023-05-19,3104.48,3116.72,3077.96,3089.13,2775743,-0.045,-2.34,2989.37,2961.71,,3019.91,2989.26,30.65,62.33,Hold
2023-05-22,3088.58,3105.15,3077.42,3085.4,2362212,-0.121,-2.46,2997.72,2963.94,,3029.99,2996.38,33.61,74.24,Sell
2023-05-23,3104.78,3121.76,3050.54,3059.53,4033061,-0.838,-3.28,3002.13,2966.86,,3034.53,3001.06,33.47,66.35,Sell
2023-05-24,3063.66,3110.42,3030.81,3056.56,2040407,-0.097,-3.37,3006.73,2970.97,,3037.92,3005.17,32.75,62.06,Hold
2023-05-25,3037.81,3153.78,3037.34,3138.54,2971867,2.682,-0.78,3014.81,2976.46,,3053.4,3015.05,38.35,69.31,Sell
2023-05-26,3132.51,3175.13,3124.67,3170.33,1476644,1.013,0.23,3023.14,2981.04,,3071.39,3026.55,44.84,78.76,Sell
2023-05-29,3161.51,3169.63,3143.88,3156.36,1232252,-0.441,-0.22,3031.09,2985.13,,3084.46,3036.17,48.29,77.42,Sell
2023-05-30,3169.52,3198.94,3122.25,3137.54,2130719,-0.596,-0.81,3041.26,2989.22,,3092.63,3043.68,48.95,78.08,Sell
2023-05-31,3141.8,3149.22,3086.15,3104.05,2069411,-1.067,-1.87,3048.66,2991.28,,3094.39,3048.15,46.24,73.54,Sell
2023-06-01,3118.82,3124.9,3084.89,3117.06,1865216,0.419,-1.46,3055.16,2993.42,,3097.87,3053.25,44.62,71.13,Sell
2023-06-02,3113.52,3147.6,3094.53,3130.77,992779,0.44,-1.03,3061.64,2995.74,,3102.94,3059.0,43.94,67.38,Sell
2023-06-05,3137.26,3175.71,3048.08,3075.62,3379046,-1.762,-2.77,3067.08,2996.77,,3098.73,3060.23,38.5,54.17,Hold
2023-06-06,3063.95,3156.83,3054.94,3092.64,2351646,0.553,-2.23,3073.76,2998.22,,3097.8,3062.63,35.17,53.88,Hold
2023-06-07,3087.6,3106.44,3046.37,3070.58,4149815,-0.713,-2.93,3080.43,2999.44,,3093.61,3063.22,30.39,47.02,Hold
2023-06-08,3056.85,3129.3,3019.71,3122.23,3454930,1.682,-1.3,3090.26,3002.72,,3098.01,3067.59,30.42,54.3,Hold
2023-06-09,3132.25,3170.32,3078.81,3127.17,886774,0.158,-1.14,3098.1,3005.74,,3102.5,3072.0,30.5,55.4,Hold
2023-06-12,3115.59,3198.74,3112.09,3190.69,880708,2.031,0.87,3106.43,3010.07,,3116.07,3080.79,35.28,65.46,Sell
2023-06-13,3189.07,3198.52,3150.98,3172.19,2898584,-0.58,0.28,3112.67,3013.18,,3124.7,3087.56,37.14,63.15,Hold
2023-06-14,3184.77,3192.54,3141.79,3160.28,2700626,-0.375,-0.09,3117.36,3016.3,,3130.17,3092.95,37.22,52.94,Hold
2023-06-15,3154.09,3178.8,3137.32,3170.7,4259544,0.33,0.24,3121.37,3020.99,,3136.41,3098.71,37.7,50.05,Hold
2023-06-16,3172.54,3213.99,3169.19,3209.93,4140878,1.237,1.48,3127.41,3026.53,,3147.72,3106.95,40.77,57.17,Hold
2023-06-19,3202.78,3238.81,3173.75,3230.76,3221347,0.649,2.14,3134.68,3031.27,,3160.5,3116.12,44.38,62.41,Hold
2023-06-20,3221.96,3245.29,3167.05,3181.97,3253802,-1.51,0.59,3140.8,3035.3,,3163.8,3121.0,42.8,59.97,Hold
2023-06-21,3182.29,3217.16,3155.04,3190.23,3374944,0.26,0.85,3147.48,3040.12,,3167.87,3126.13,41.74,59.48,Hold
2023-06-22,3200.82,3219.68,3180.74,3192.35,2586338,0.066,0.92,3150.17,3045.82,,3171.63,3131.03,40.6,58.22,Hold
2023-06-23,3191.21,3202.94,3133.72,3177.19,3381630,-0.475,0.44,3150.52,3051.93,,3172.49,3134.45,38.04,65.19,Sell
2023-06-26,3171.23,3197.04,3151.73,3153.76,2990350,-0.737,-0.3,3150.39,3057.77,,3169.61,3135.88,33.73,58.97,Hold
2023-06-27,3149.22,3244.99,3126.83,3221.15,3836679,2.137,1.83,3154.57,3065.76,,3177.54,3142.2,35.34,69.5,Sell
2023-06-28,3225.95,3235.67,3187.41,3207.35,2850240,-0.428,1.4,3159.73,3072.45,,3182.12,3147.02,35.1,62.22,Hold
2023-06-30,3218.41,3228.53,3163.05,3176.08,3260535,-0.975,0.41,3162.68,3078.69,,3181.19,3149.18,32.01,56.53,Hold
2023-07-03,3182.21,3219.16,3172.31,3201.63,4251192,0.804,1.21,3166.22,3085.36,,3184.34,3153.06,31.28,51.62,Hold
2023-07-04,3194.2,3222.14,3182.94,3207.93,2588133,0.197,1.41,3172.84,3091.15,,3187.97,3157.13,30.84,55.51,Hold
2023-07-05,3211.21,3218.78,3181.96,3206.29,1611597,-0.051,1.36,3178.52,3095.85,,3190.79,3160.77,30.02,57.32,Hold
2023-07-06,3206.75,3241.72,3197.88,3237.64,3393574,0.978,2.35,3186.88,3101.31,,3197.99,3166.46,31.53,59.99,Hold
2023-07-07,3247.46,3261.84,3238.67,3257.92,3062203,0.626,2.99,3193.66,3106.93,,3207.21,3173.24,33.97,57.59,Hold
2023-07-10,3254.1,3300.89,3252.07,3273.38,4155344,0.475,3.48,3200.97,3112.32,,3217.39,3180.65,36.74,56.86,Hold
2023-07-11,3287.18,3354.58,3251.68,3312.56,1064580,1.197,4.72,3207.06,3118.63,,3232.03,3190.42,41.61,71.68,Sell
2023-07-12,3296.53,3350.6,3258.94,3325.16,3015238,0.38,5.12,3214.71,3126.45,,3246.36,3200.41,45.95,72.08,Sell
2023-07-13,3318.54,3319.56,3287.16,3301.88,1554519,-0.7,4.38,3221.79,3133.36,,3254.9,3207.92,46.98,66.76,Sell
2023-07-14,3297.04,3316.54,3266.55,3288.84,3512898,-0.395,3.97,3227.7,3139.4,,3260.12,3213.92,46.2,67.2,Sell
2023-07-17,3300.04,3302.33,3249.94,3269.6,1566822,-0.585,3.36,3230.68,3144.77,,3261.58,3218.04,43.54,68.08,Sell
2023-07-18,3284.75,3307.91,3256.01,3279.13,880265,0.291,3.66,3233.1,3151.02,,3264.28,3222.57,41.71,61.04,Hold
2023-07-19,3283.33,3310.43,3219.12,3238.03,1410577,-1.253,2.37,3235.9,3156.6,,3260.24,3223.71,36.53,55.29,Hold
2023-07-20,3236.93,3264.82,3165.0,3168.12,1751073,-2.159,0.16,3234.8,3161.22,,3246.07,3219.59,26.48,48.79,Hold
2023-07-21,3180.88,3230.74,3139.65,3172.74,2001590,0.146,0.3,3233.82,3166.16,,3234.79,3216.12,18.67,45.3,Hold
2023-07-24,3181.12,3204.42,3115.2,3123.12,4152510,-1.564,-1.27,3231.12,3169.21,,3217.61,3209.23,8.38,37.91,Hold
2023-07-25,3127.02,3137.49,3047.91,3051.22,3360111,-2.302,-3.54,3225.99,3169.76,,3192.01,3197.53,-5.52,31.59,Sell
2023-07-26,3059.08,3084.63,3015.92,3066.11,2950557,0.488,-3.07,3218.24,3170.13,,3172.64,3187.79,-15.15,28.81,Sell
2023-07-27,3068.32,3074.09,2983.67,3041.17,1429303,-0.813,-3.86,3209.93,3169.62,,3152.41,3176.93,-24.52,23.52,Sell
2023-07-28,3046.99,3092.81,3031.23,3060.49,3620779,0.635,-3.25,3204.15,3169.02,,3138.27,3168.31,-30.04,24.24,Sell
2023-07-31,3056.31,3088.79,3029.66,3042.22,2204588,-0.597,-3.82,3196.18,3168.08,,3123.5,3158.97,-35.47,15.54,Sell
2023-08-01,3042.79,3063.39,2990.26,3002.48,2573536,-1.306,-5.08,3185.9,3166.43,,3104.88,3147.38,-42.5,11.53,Sell
2023-08-02,2991.26,3011.06,2925.74,2958.88,4396439,-1.452,-6.46,3173.53,3164.41,,3082.42,3133.41,-50.99,11.0,Sell
2023-08-03,2964.31,2971.15,2928.59,2941.78,1660805,-0.578,-7.0,3158.74,3162.12,,3060.78,3119.22,-58.44,10.9,Sell
2023-08-04,2949.91,2978.04,2932.34,2933.3,2281253,-0.288,-7.27,3142.51,3158.01,,3041.17,3105.45,-64.28,11.17,Sell
2023-08-07,2929.11,2961.44,2884.03,2905.49,3369665,-0.948,-8.15,3124.12,3152.72,,3020.29,3090.64,-70.35,8.6,Sell
2023-08-08,2901.96,2914.24,2869.65,2896.85,2490678,-0.297,-8.42,3103.33,3147.53,,3001.3,3076.28,-74.98,9.27,Sell
2023-08-09,2875.7,2881.85,2816.52,2844.61,3601129,-1.803,-10.07,3079.3,3141.67,,2977.2,3059.12,-81.92,9.68,Sell
2023-08-10,2837.54,2847.27,2811.06,2846.25,2765132,0.058,-10.02,3056.52,3136.51,,2957.05,3043.35,-86.3,9.0,Sell
2023-08-11,2846.51,2853.91,2784.48,2786.12,3394790,-2.113,-11.92,3031.39,3129.89,,2930.75,3024.3,-93.55,8.77,Sell
2023-08-14,2772.7,2802.47,2746.98,2780.75,2042319,-0.193,-12.09,3006.94,3122.89,,2907.68,3006.26,-98.58,10.48,Sell
2023-08-16,2765.45,2812.88,2725.18,2805.14,972516,0.877,-11.32,2983.24,3117.48,,2891.9,2991.36,-99.46,12.9,Sell
2023-08-17,2802.33,2876.68,2798.26,2843.01,2856803,1.35,-10.12,2963.49,3112.49,,2884.38,2980.37,-95.99,22.83,Sell
2023-08-18,2851.31,2904.23,2849.29,2902.64,3435496,2.097,-8.24,2950.22,3109.13,,2887.19,2974.61,-87.42,30.51,Sell
2023-08-21,2914.5,2954.05,2842.29,2849.59,1006012,-1.828,-9.91,2934.06,3103.68,,2881.4,2965.35,-83.95,28.09,Sell
2023-08-22,2847.27,2881.84,2829.23,2876.68,3051375,0.951,-9.06,2921.74,3098.67,,2880.68,2958.78,-78.1,35.27,Sell
2023-08-23,2889.98,2974.21,2884.9,2919.47,2772925,1.487,-7.71,2915.15,3093.24,,2886.65,2955.87,-69.22,45.38,Sell
2023-08-24,2890.96,2972.22,2848.65,2954.99,3805283,1.217,-6.58,2909.6,3088.9,,2897.16,2955.81,-58.65,51.49,Sell
2023-08-25,2964.15,2977.28,2915.16,2923.51,1289345,-1.065,-7.58,2903.71,3084.16,,2901.21,2953.41,-52.2,48.95,Sell
2023-08-28,2927.57,2975.36,2922.69,2939.42,3665294,0.544,-7.07,2897.66,3079.54,,2907.09,2952.38,-45.29,53.72,Sell
2023-08-29,2938.15,3024.08,2917.02,3006.5,981243,2.282,-4.95,2895.87,3075.47,,2922.39,2956.39,-34.0,60.66,Hold
2023-08-30,2994.94,3026.3,2920.39,2953.98,1266390,-1.747,-6.61,2893.45,3069.93,,2927.25,2956.21,-28.96,60.63,Sell
2023-08-31,2946.51,2982.68,2940.72,2972.35,3162475,0.622,-6.03,2894.12,3065.74,,2934.19,2957.4,-23.21,61.87,Sell
2023-09-01,2975.47,3023.72,2975.05,3013.51,1756772,1.385,-4.73,2897.71,3062.21,,2946.39,2961.56,-15.17,72.2,Sell
2023-09-04,3008.96,3014.98,2960.98,2989.82,834830,-0.786,-5.48,2900.53,3058.16,,2953.07,2963.65,-10.58,69.7,Sell
2023-09-05,2994.14,3018.4,2982.76,3012.23,4464106,0.75,-4.77,2905.87,3054.86,,2962.17,2967.25,-5.08,69.59,Sell
2023-09-06,3022.65,3052.01,2959.9,2975.03,4212319,-1.235,-5.95,2909.78,3051.28,,2964.15,2967.83,-3.68,62.5,Hold
2023-09-07,2972.54,2973.88,2925.72,2947.52,3885989,-0.925,-6.82,2914.93,3045.81,,2961.59,2966.32,-4.73,54.53,Sell
2023-09-08,2956.0,2978.99,2887.78,2920.1,1357652,-0.93,-7.69,2918.62,3040.07,,2955.21,2962.9,-7.69,57.5,Sell
2023-09-11,2929.1,2948.56,2916.67,2928.29,1322954,0.28,-7.43,2925.73,3035.11,,2951.07,2960.34,-9.27,55.72,Sell
2023-09-12,2930.6,2933.06,2921.45,2926.56,2309271,-0.059,-7.48,2933.02,3029.61,,2947.3,2957.83,-10.53,50.86,Sell
2023-09-13,2928.25,3008.91,2904.94,2961.53,2227453,1.195,-6.38,2940.84,3024.68,,2949.49,2958.11,-8.62,50.8,Hold
2023-09-14,2955.43,2996.57,2916.64,2929.6,1131021,-1.078,-7.38,2945.17,3019.15,,2946.43,2956.0,-9.57,50.74,Hold
2023-09-15,2930.44,2950.86,2918.03,2926.45,3855048,-0.108,-7.48,2946.36,3012.92,,2943.35,2953.81,-10.46,48.37,Hold
2023-09-18,2929.35,2978.93,2914.13,2961.66,2541169,1.203,-6.37,2951.96,3007.0,,2946.17,2954.39,-8.22,43.87,Hold
2023-09-20,2948.61,3018.68,2947.14,2983.07,2127471,0.723,-5.69,2957.28,3001.19,,2951.85,2956.51,-4.66,54.35,Hold
2023-09-21,2990.14,3025.66,2894.33,2937.14,2785648,-1.54,-7.15,2958.16,2993.68,,2949.58,2955.08,-5.5,45.14,Hold
2023-09-22,2923.53,3018.63,2883.24,2962.06,3071973,0.848,-6.36,2958.52,2986.42,,2951.5,2955.6,-4.1,42.56,Hold
2023-09-25,2942.21,2974.68,2936.76,2946.53,1710385,-0.524,-6.85,2959.67,2979.31,,2950.74,2954.92,-4.18,43.59,Hold
2023-09-26,2932.24,2980.17,2924.66,2961.63,3760455,0.512,-6.37,2960.78,2972.77,,2952.41,2955.42,-3.01,42.34,Hold
2023-09-27,2955.87,2989.21,2931.71,2973.8,1170652,0.411,-5.99,2959.14,2966.85,,2955.7,2956.78,-1.08,49.8,Hold
2023-09-28,2975.51,3019.27,2957.97,3018.8,3380500,1.513,-4.56,2962.38,2961.65,,2965.41,2961.38,4.03,61.05,Hold
2023-09-29,3008.95,3027.37,2990.43,3024.53,3502552,0.19,-4.38,2964.99,2957.38,,2974.51,2966.05,8.46,67.35,Sell
2023-10-03,3024.77,3054.36,2952.59,2958.76,3170077,-2.175,-6.46,2962.26,2953.19,,2972.08,2965.51,6.57,54.25,Hold
2023-10-04,2953.25,2954.63,2910.19,2911.6,1972029,-1.594,-7.95,2958.34,2947.97,,2962.78,2961.52,1.26,48.15,Hold
2023-10-05,2922.55,2955.3,2906.8,2938.61,2701154,0.928,-7.1,2954.66,2944.28,,2959.06,2959.82,-0.76,47.11,Hold
2023-10-06,2930.1,2931.32,2915.33,2930.97,1536276,-0.26,-7.34,2952.46,2941.87,,2954.74,2957.69,-2.95,50.18,Hold
2023-10-09,2939.36,3014.93,2924.13,2972.46,4268184,1.416,-6.03,2953.71,2940.0,,2957.47,2958.78,-1.31,55.61,Hold
2023-10-10,2976.24,2987.52,2959.2,2983.7,1947741,0.378,-5.67,2956.89,2938.85,,2961.5,2960.63,0.87,52.85,Hold
2023-10-11,2989.56,2999.98,2936.6,2958.37,3859820,-0.849,-6.48,2958.39,2936.81,,2961.02,2960.46,0.56,46.83,Hold
2023-10-12,2959.12,3042.9,2950.68,2998.27,3110683,1.349,-5.21,2961.98,2935.93,,2966.75,2963.26,3.49,57.96,Hold
2023-10-13,2987.78,2998.39,2966.21,2970.72,1723415,-0.919,-6.08,2962.44,2935.29,,2967.36,2963.81,3.55,51.12,Hold
2023-10-16,2980.88,2985.59,2891.01,2899.03,4408100,-2.413,-8.35,2960.91,2934.1,,2956.85,2959.01,-2.16,44.64,Hold
2023-10-17,2897.0,2978.12,2886.56,2972.28,2270750,2.527,-6.04,2963.2,2934.71,,2959.22,2960.0,-0.78,51.06,Hold
2023-10-18,2969.0,2980.41,2895.3,2905.61,2080076,-2.243,-8.14,2960.4,2934.15,,2950.97,2955.97,-5.0,43.86,Hold
2023-10-19,2921.84,2973.82,2912.05,2929.26,3031933,0.814,-7.4,2957.71,2934.63,,2947.63,2953.99,-6.36,41.62,Hold
2023-10-20,2937.2,2968.89,2921.08,2963.72,855728,1.176,-6.31,2959.04,2935.96,,2950.11,2954.71,-4.6,44.6,Hold
2023-10-23,2960.25,2976.73,2945.93,2970.44,2949791,0.227,-6.09,2959.45,2938.48,3026.62,2953.24,2955.88,-2.64,51.16,Hold
2023-10-25,2971.76,2985.0,2892.66,2911.62,1864083,-1.98,-7.95,2957.71,2939.79,3025.37,2946.83,2952.6,-5.77,50.0,Hold
2023-10-26,2915.91,2974.22,2906.93,2948.25,1843808,1.258,-6.8,2957.04,2943.03,3024.38,2947.05,2952.28,-5.23,50.92,Hold
2023-10-27,2932.69,2941.47,2884.5,2898.43,4200395,-1.69,-8.37,2953.27,2945.38,3023.13,2939.57,2948.29,-8.72,47.13,Hold
2023-10-30,2883.73,2884.98,2843.87,2852.85,889436,-1.573,-9.81,2944.97,2946.34,3021.58,2926.23,2941.22,-14.99,39.53,Sell
2023-10-31,2860.47,2889.73,2816.39,2841.61,3292608,-0.394,-10.17,2935.83,2946.31,3020.12,2913.21,2933.84,-20.63,37.56,Sell
2023-11-01,2844.22,2887.5,2835.78,2869.64,3622982,0.986,-9.28,2931.37,2945.65,3018.8,2906.51,2929.08,-22.57,42.27,Hold
2023-11-02,2854.67,2912.24,2831.71,2881.12,2054708,0.4,-8.92,2929.85,2946.28,3017.54,2902.6,2925.53,-22.93,39.26,Hold
2023-11-03,2878.11,2940.55,2869.88,2910.3,2375676,1.013,-8.0,2928.43,2946.95,3016.75,2903.79,2924.4,-20.61,44.48,Hold
2023-11-06,2896.7,2930.93,2893.69,2895.97,2002847,-0.492,-8.45,2926.68,2946.48,3015.69,2902.58,2922.3,-19.72,49.69,Hold
2023-11-07,2910.18,2919.73,2851.64,2891.15,2471044,-0.166,-8.6,2922.62,2945.21,3014.51,2900.82,2919.99,-19.17,40.37,Hold
2023-11-08,2887.64,2914.08,2837.08,2852.85,1915301,-1.325,-9.81,2916.07,2943.79,3013.24,2893.44,2915.02,-21.58,43.29,Sell
2023-11-09,2854.02,2861.92,2828.48,2843.15,4318533,-0.34,-10.12,2910.31,2941.87,3011.96,2885.71,2909.69,-23.98,38.64,Sell
2023-11-10,2849.59,2872.62,2841.77,2864.52,3936651,0.752,-9.44,2903.63,2939.03,3010.69,2882.45,2906.35,-23.9,36.45,Hold
2023-11-13,2869.68,2907.57,2834.51,2855.36,959238,-0.32,-9.73,2897.86,2937.06,3009.42,2878.28,2902.57,-24.29,34.38,Hold
2023-11-15,2845.46,2907.25,2813.73,2872.79,871604,0.61,-9.18,2896.55,2935.07,3008.28,2877.44,2900.36,-22.92,44.06,Hold
2023-11-16,2874.53,2880.56,2837.06,2854.18,1271531,-0.648,-9.77,2890.64,2931.88,3007.32,2873.86,2896.94,-23.08,34.78,Hold
2023-11-17,2860.55,2898.07,2830.25,2835.03,2326242,-0.671,-10.37,2887.11,2928.78,3006.15,2867.88,2892.36,-24.48,38.61,Sell
2023-11-20,2820.09,2848.4,2789.0,2837.5,1847304,0.087,-10.3,2882.52,2925.29,3004.98,2863.21,2888.29,-25.08,46.74,Sell
2023-11-21,2848.66,2882.56,2803.21,2832.0,3588911,-0.194,-10.47,2875.94,2922.43,3003.73,2858.41,2884.12,-25.71,47.91,Sell
2023-11-22,2825.34,2899.18,2819.26,2853.26,1219029,0.751,-9.8,2870.08,2920.54,3002.86,2857.62,2881.84,-24.22,46.32,Hold
2023-11-23,2845.1,2887.15,2817.64,2860.51,3927772,0.254,-9.57,2867.52,2919.35,3001.73,2858.06,2880.26,-22.2,45.28,Hold
2023-11-24,2865.92,2938.65,2840.78,2921.39,3101391,2.128,-7.64,2866.18,2919.21,3000.87,2867.8,2883.3,-15.5,52.22,Hold
2023-11-28,2921.33,2929.29,2890.99,2914.86,1713551,-0.224,-7.85,2867.0,2918.98,3000.05,2875.04,2885.64,-10.6,53.9,Hold
2023-11-29,2924.32,2951.39,2855.09,2908.08,840789,-0.233,-8.07,2869.76,2917.91,2998.82,2880.13,2887.3,-7.17,53.46,Hold
2023-11-30,2915.34,2938.75,2856.15,2872.95,1445599,-1.208,-9.18,2871.33,2916.78,2997.43,2879.02,2886.24,-7.22,54.17,Hold
2023-12-01,2866.05,2886.45,2863.84,2874.88,2245315,0.067,-9.11,2871.59,2915.75,2996.31,2878.38,2885.4,-7.02,56.8,Hold
2023-12-04,2875.25,2937.01,2847.83,2899.59,3385445,0.86,-8.33,2872.52,2914.5,2995.39,2881.65,2886.45,-4.8,57.41,Hold
2023-12-05,2910.78,2928.0,2851.81,2874.99,4103504,-0.848,-9.11,2870.75,2912.34,2994.77,2880.62,2885.6,-4.98,53.89,Hold
2023-12-06,2866.39,2879.27,2846.07,2874.43,1045077,-0.019,-9.13,2869.67,2911.09,2993.96,2879.67,2884.77,-5.1,50.35,Hold
2023-12-07,2872.91,2922.76,2869.25,2900.36,1593161,0.902,-8.31,2870.13,2909.85,2993.35,2882.85,2885.93,-3.08,59.51,Hold
2023-12-08,2889.61,2901.52,2874.88,2897.1,1518223,-0.112,-8.41,2872.35,2908.87,2992.86,2885.05,2886.76,-1.71,63.68,Hold
2023-12-11,2881.25,2885.18,2868.73,2880.21,2485761,-0.583,-8.95,2874.2,2907.24,2992.09,2884.3,2886.27,-1.97,58.85,Hold
2023-12-12,2886.92,2930.94,2871.89,2915.0,2770833,1.208,-7.85,2876.72,2906.06,2991.79,2889.02,2888.4,0.62,65.34,Sell
2023-12-13,2917.84,2928.36,2891.66,2919.56,2473921,0.156,-7.7,2879.93,2904.08,2991.42,2893.72,2890.71,3.01,63.06,Hold
2023-12-14,2915.0,2950.29,2878.8,2934.62,1149144,0.516,-7.23,2883.03,2902.28,2991.49,2900.01,2893.96,6.05,64.16,Hold
2023-12-15,2924.23,2987.11,2914.53,2977.05,1726428,1.446,-5.88,2889.17,2902.64,2991.89,2911.87,2900.11,11.76,61.45,Hold
2023-12-18,2981.94,3026.11,2937.71,3019.15,3324515,1.414,-4.55,2898.37,2904.8,2992.71,2928.37,2908.93,19.44,68.71,Sell
2023-12-19,3029.4,3061.45,2961.22,3007.78,3247143,-0.377,-4.91,2906.89,2906.18,2993.22,2940.59,2916.25,24.34,67.59,Sell
2023-12-20,3016.7,3047.14,2928.28,2990.02,1869305,-0.59,-5.47,2914.79,2907.36,2993.33,2948.19,2921.72,26.47,72.01,Sell
2023-12-21,2991.97,3016.9,2981.16,3001.42,2578933,0.381,-5.11,2922.2,2907.94,2993.55,2956.38,2927.62,28.76,72.97,Sell
2023-12-22,2999.26,2999.63,2991.4,2997.53,1091851,-0.13,-5.24,2929.05,2908.22,2993.61,2962.71,2932.8,29.91,69.23,Sell
2023-12-26,3010.08,3021.34,2911.91,2930.09,4184486,-2.25,-7.37,2929.48,2907.65,2993.36,2957.69,2932.6,25.09,59.26,Hold
2023-12-27,2930.43,3023.68,2916.85,2975.82,2411721,1.561,-5.92,2932.53,2907.2,2993.23,2960.48,2935.8,24.68,64.8,Hold
2023-12-28,2986.43,3019.26,2950.32,2977.4,4290491,0.053,-5.87,2936.0,2907.33,2993.25,2963.08,2938.88,24.2,62.1,Hold
2023-12-29,3004.26,3066.6,2967.75,3004.6,1654482,0.914,-5.01,2942.58,2909.45,2993.7,2969.47,2943.75,25.72,65.71,Sell
2024-01-01,2994.95,3054.74,2951.71,2963.22,3902937,-1.377,-6.32,2947.0,2909.26,2994.27,2968.51,2945.19,23.32,61.32,Hold
2024-01-02,2950.65,3030.24,2887.3,3009.91,3874294,1.576,-4.85,2952.51,2911.35,2994.99,2974.88,2949.99,24.89,62.53,Hold
2024-01-03,2996.05,3002.64,2943.79,2989.57,1446258,-0.676,-5.49,2958.24,2912.56,2995.23,2977.14,2952.92,24.22,58.88,Hold
2024-01-04,3004.19,3008.22,2979.39,2986.6,2922987,-0.099,-5.58,2963.85,2913.01,2995.41,2978.59,2955.41,23.18,56.8,Hold
2024-01-05,2992.12,3036.16,2913.5,2937.27,3452386,-1.652,-7.14,2965.7,2912.35,2995.43,2972.24,2954.07,18.17,44.89,Hold
2024-01-08,2946.9,2994.83,2895.1,2932.27,1141489,-0.17,-7.3,2967.45,2912.76,2995.09,2966.09,2952.45,13.64,37.66,Buy
2024-01-09,2944.79,2957.68,2905.55,2925.06,4233279,-0.246,-7.53,2969.7,2912.3,2994.66,2959.78,2950.43,9.35,38.11,Buy
2024-01-10,2945.29,2961.06,2905.07,2919.43,4200666,-0.192,-7.71,2969.92,2912.72,2994.18,2953.57,2948.13,5.44,39.49,Buy
2024-01-11,2911.85,2951.5,2902.59,2935.67,1062567,0.556,-7.19,2970.72,2914.38,2993.74,2950.82,2947.21,3.61,40.35,Hold
2024-01-12,2944.78,2949.98,2898.01,2938.68,2703363,0.103,-7.1,2970.93,2916.32,2993.33,2948.95,2946.58,2.37,41.34,Hold
2024-01-15,2941.52,2981.43,2882.85,2973.97,3752134,1.201,-5.98,2970.77,2918.4,2993.16,2952.8,2948.6,4.2,57.13,Hold
2024-01-16,2961.34,2974.61,2954.32,2958.15,1681923,-0.532,-6.48,2967.72,2919.95,2993.16,2953.62,2949.31,4.31,46.82,Hold
2024-01-17,2942.2,2959.41,2896.62,2923.68,4250850,-1.165,-7.57,2963.52,2920.21,2992.89,2949.01,2947.41,1.6,41.35,Hold
2024-01-18,2920.97,2962.03,2907.91,2923.89,4081396,0.007,-7.57,2960.21,2920.77,2992.64,2945.15,2945.67,-0.52,35.77,Buy
2024-01-19,2918.01,2965.95,2911.47,2946.82,2649374,0.784,-6.84,2957.48,2921.88,2992.29,2945.41,2945.76,-0.35,46.91,Hold
2024-01-23,2952.94,3006.19,2903.9,2991.71,1071389,1.523,-5.42,2957.19,2924.66,2992.23,2952.53,2949.16,3.37,46.54,Hold
2024-01-24,2989.74,3026.45,2939.2,3021.83,1588598,1.007,-4.47,2961.78,2928.24,2992.66,2963.19,2954.54,8.65,55.91,Hold
2024-01-25,3029.55,3054.09,2942.76,2958.72,2194730,-2.088,-6.46,2960.92,2930.12,2992.79,2962.5,2954.85,7.65,45.82,Hold
2024-01-29,2948.29,2989.81,2934.13,2972.99,1093090,0.482,-6.01,2960.7,2932.47,2992.68,2964.12,2956.2,7.92,55.99,Hold
2024-01-30,2978.17,3046.92,2976.36,3025.99,2665446,1.783,-4.34,2961.77,2935.54,2992.91,2973.64,2961.37,12.27,63.54,Hold
2024-01-31,3020.31,3065.18,2990.72,3029.17,2793083,0.105,-4.24,2965.07,2939.04,2993.31,2982.18,2966.39,15.79,65.21,Sell
2024-02-01,3027.58,3038.06,2985.34,3011.32,2741106,-0.589,-4.8,2965.14,2942.56,2993.83,2986.66,2969.72,16.94,62.96,Hold
2024-02-02,3009.05,3033.55,3004.61,3023.39,1273938,0.401,-4.42,2966.83,2946.28,2994.59,2992.31,2973.69,18.62,62.52,Hold
2024-02-05,3034.15,3064.77,3004.47,3006.04,972836,-0.574,-4.97,2967.8,2949.76,2995.31,2994.42,2976.09,18.33,59.24,Hold
2024-02-06,3018.89,3049.68,3013.72,3030.0,990648,0.797,-4.21,2972.44,2953.29,2996.35,2999.9,2980.08,19.82,57.93,Hold
2024-02-07,3021.72,3034.74,3018.52,3030.43,3099021,0.014,-4.2,2977.35,2956.69,2997.14,3004.6,2983.81,20.79,60.7,Hold
2024-02-08,3036.17,3111.46,3005.88,3082.0,842695,1.702,-2.57,2985.19,2959.91,2998.23,3016.5,2991.08,25.42,72.3,Sell
2024-02-09,3078.27,3117.34,3060.48,3101.4,1481237,0.629,-1.95,2994.29,2963.64,2999.4,3029.56,2999.26,30.3,73.72,Sell
2024-02-12,3089.32,3117.17,3051.63,3075.39,4407339,-0.839,-2.78,3001.28,2966.98,3000.18,3036.61,3004.9,31.71,67.04,Sell
2024-02-13,3071.93,3114.68,3045.42,3098.62,1602511,0.755,-2.04,3009.28,2971.5,3000.82,3046.15,3011.84,34.31,65.03,Sell
2024-02-14,3100.51,3145.16,3088.2,3134.36,3217210,1.153,-0.91,3017.3,2976.69,3001.67,3059.72,3020.91,38.81,65.58,Sell
2024-02-15,3131.32,3134.47,3095.2,3113.92,2480685,-0.652,-1.56,3025.08,2980.97,3002.35,3068.06,3027.8,40.26,74.36,Sell
2024-02-16,3115.85,3137.51,3098.16,3098.94,3360011,-0.481,-2.03,3033.85,2985.45,3002.83,3072.81,3033.07,39.74,69.73,Sell
2024-02-19,3077.3,3085.02,3011.99,3014.15,1970426,-2.736,-4.71,3038.36,2988.25,3002.91,3063.79,3031.67,32.12,48.31,Hold
2024-02-20,3017.49,3050.15,3004.52,3047.73,2450514,1.114,-3.65,3043.4,2991.19,3003.48,3061.32,3032.86,28.46,52.43,Hold
2024-02-21,3048.74,3057.11,2988.73,3025.62,3551726,-0.725,-4.35,3045.1,2993.76,3003.83,3055.83,3032.32,23.51,51.85,Hold
2024-02-22,3031.54,3045.81,2902.69,2947.96,2404522,-2.567,-6.8,3041.41,2995.12,3003.63,3039.23,3026.07,13.16,41.64,Hold
2024-02-23,2944.89,2951.61,2863.5,2884.8,4089598,-2.142,-8.8,3037.71,2994.51,3003.05,3015.47,3015.61,-0.14,37.8,Sell
2024-02-26,2878.64,2887.73,2873.23,2876.5,3872757,-0.288,-9.06,3032.89,2993.65,3002.6,2994.09,3005.31,-11.22,34.06,Sell
2024-02-27,2876.14,2913.66,2839.19,2902.18,3044277,0.893,-8.25,3026.7,2993.0,3002.31,2979.95,2997.67,-17.72,37.34,Sell
2024-02-28,2891.8,2902.72,2887.99,2898.5,4466112,-0.127,-8.37,3020.16,2991.43,3002.12,2967.42,2990.32,-22.9,30.0,Sell
2024-02-29,2931.05,2937.21,2910.88,2914.33,1038737,0.546,-7.87,3015.31,2989.34,3002.06,2959.25,2984.69,-25.44,29.45,Hold
2024-03-01,2913.77,2917.1,2868.08,2875.23,3684960,-1.342,-9.1,3007.9,2986.69,3001.59,2946.33,2976.58,-30.25,28.63,Sell
2024-03-04,2865.34,2888.65,2827.83,2828.37,2421445,-1.63,-10.59,2999.02,2983.45,3000.61,2928.18,2965.6,-37.42,22.53,Sell
2024-03-05,2835.32,2897.39,2819.19,2857.87,2886719,1.043,-9.65,2990.41,2980.58,2999.66,2917.36,2957.62,-40.26,21.54,Sell
2024-03-06,2861.21,2881.95,2857.88,2874.17,4136845,0.57,-9.14,2982.6,2978.11,2998.7,2910.72,2951.44,-40.72,25.11,Sell
2024-03-07,2877.24,2881.48,2833.39,2872.55,877570,-0.056,-9.19,2972.13,2976.96,2997.61,2904.85,2945.6,-40.75,25.82,Sell
2024-03-11,2897.79,2942.69,2883.6,2916.17,3126160,1.519,-7.81,2962.87,2975.77,2996.75,2906.59,2943.42,-36.83,38.53,Hold
2024-03-12,2919.6,2935.44,2878.7,2882.3,1197260,-1.161,-8.88,2953.21,2973.87,2995.73,2902.85,2938.89,-36.04,30.64,Sell
2024-03-13,2874.39,2928.73,2854.34,2867.19,2770766,-0.524,-9.36,2941.64,2971.12,2994.77,2897.36,2933.58,-36.22,31.15,Sell
2024-03-14,2873.18,2943.26,2835.47,2901.93,1245971,1.212,-8.26,2930.02,2969.89,2994.0,2898.07,2931.24,-33.17,43.9,Hold
2024-03-15,2893.65,2969.77,2872.88,2965.34,1504265,2.185,-6.26,2922.59,2969.0,2993.13,2908.42,2933.76,-25.34,60.66,Hold
2024-03-18,2950.71,2982.72,2940.16,2965.05,4469400,-0.01,-6.26,2915.9,2968.51,2992.1,2917.13,2936.08,-18.95,61.98,Hold
2024-03-19,2983.14,3027.04,2974.11,3024.21,2991297,1.995,-4.39,2916.4,2969.27,2991.44,2933.6,2942.61,-9.01,65.14,Sell
2024-03-20,3032.07,3055.89,2985.09,3001.74,927378,-0.743,-5.1,2914.1,2970.55,2990.76,2944.09,2946.99,-2.9,62.24,Hold
2024-03-21,2994.76,3032.71,2992.13,3013.02,3660601,0.376,-4.75,2913.47,2972.17,2990.31,2954.69,2951.88,2.81,61.82,Hold
2024-03-22,3028.14,3050.61,2989.52,3006.13,2938503,-0.229,-4.97,2916.38,2973.79,2989.75,2962.6,2955.9,6.7,66.99,Sell
2024-03-26,3014.39,3034.32,2913.56,2948.24,3587644,-1.926,-6.8,2919.55,2974.37,2988.84,2960.39,2955.33,5.06,65.13,Sell
2024-03-27,2941.24,2971.02,2921.64,2956.78,2242288,0.29,-6.53,2923.57,2974.79,2988.25,2959.84,2955.44,4.4,63.18,Hold
2024-03-28,2958.74,3006.46,2938.99,2989.28,2502219,1.099,-5.5,2927.92,2975.8,2987.73,2964.37,2957.94,6.43,64.71,Hold
2024-04-01,2991.32,3034.17,2975.99,2983.36,1527594,-0.198,-5.69,2932.16,2975.99,2987.29,2967.29,2959.83,7.46,64.0,Hold
2024-04-02,2984.96,2985.48,2975.15,2980.25,1843864,-0.104,-5.78,2935.46,2976.43,2986.58,2969.28,2961.34,7.94,59.02,Hold
2024-04-03,2960.78,3037.89,2886.0,3029.46,4203942,1.651,-4.23,2943.17,2978.55,2986.1,2978.54,2966.39,12.15,69.86,Sell
2024-04-04,3028.64,3038.31,2975.73,2983.43,1232980,-1.519,-5.68,2950.92,2979.74,2985.06,2979.29,2967.65,11.64,64.48,Hold
2024-04-05,2985.51,2998.74,2891.09,2929.21,1535355,-1.817,-7.4,2954.49,2979.39,2983.84,2971.59,2964.8,6.79,53.24,Hold
2024-04-08,2941.92,2965.73,2900.66,2905.64,3767605,-0.805,-8.14,2956.06,2977.66,2982.57,2961.44,2960.42,1.02,42.17,Hold
2024-04-09,2910.98,2918.52,2838.2,2863.33,1014611,-1.456,-9.48,2955.6,2974.49,2981.03,2946.35,2953.23,-6.88,37.98,Sell
2024-04-10,2880.53,2927.0,2846.0,2909.02,2555339,1.596,-8.04,2955.25,2973.5,2979.53,2940.61,2949.95,-9.34,35.94,Hold
2024-04-12,2902.27,2922.66,2892.8,2919.25,4235926,0.352,-7.71,2957.09,2972.43,2977.97,2937.32,2947.68,-10.36,39.62,Hold
2024-04-15,2928.12,2941.02,2856.97,2888.4,3226429,-1.057,-8.69,2958.15,2969.67,2976.5,2929.79,2943.29,-13.5,35.06,Hold
2024-04-16,2896.79,2904.68,2860.27,2866.52,2347330,-0.758,-9.38,2956.38,2966.42,2974.89,2920.06,2937.6,-17.54,33.84,Sell
2024-04-18,2861.9,2971.74,2849.4,2964.36,2701659,3.413,-6.29,2956.33,2965.48,2973.75,2926.87,2939.58,-12.71,51.71,Hold
2024-04-19,2939.87,2957.73,2931.46,2942.07,2474164,-0.752,-6.99,2955.18,2963.85,2972.57,2929.21,2939.77,-10.56,48.49,Hold
2024-04-22,2944.06,2974.0,2906.92,2914.57,1441410,-0.935,-7.86,2949.7,2962.03,2971.37,2926.96,2937.9,-10.94,42.23,Hold
2024-04-23,2908.01,2948.61,2892.06,2924.64,2907767,0.346,-7.54,2945.85,2959.92,2969.89,2926.6,2936.92,-10.32,43.94,Hold
2024-04-24,2914.81,3000.07,2864.82,2947.62,1769283,0.786,-6.82,2942.58,2958.26,2968.59,2929.84,2937.71,-7.87,46.77,Hold
2024-04-25,2938.79,2983.25,2918.86,2956.05,1336152,0.286,-6.55,2940.07,2955.74,2967.49,2933.87,2939.07,-5.2,42.09,Hold
2024-04-26,2961.5,2965.67,2916.73,2924.41,1076079,-1.07,-7.55,2938.88,2952.2,2966.11,2932.41,2937.98,-5.57,43.43,Hold
2024-04-29,2919.22,2928.27,2876.13,2884.32,2573359,-1.371,-8.82,2935.26,2948.38,2964.49,2925.01,2934.01,-9.0,44.84,Hold
2024-04-30,2884.12,2912.63,2837.29,2905.53,3828779,0.735,-8.15,2931.07,2944.52,2962.98,2922.02,2931.9,-9.88,49.99,Hold
2024-05-02,2910.03,2910.66,2837.55,2904.22,2371796,-0.045,-8.19,2927.12,2939.92,2961.32,2919.28,2929.85,-10.57,55.22,Hold
2024-05-03,2903.1,2904.87,2833.03,2847.59,1603400,-1.95,-9.98,2920.48,2934.59,2959.27,2908.25,2923.76,-15.51,42.38,Hold
2024-05-06,2849.28,2888.68,2837.44,2888.18,4291126,1.425,-8.69,2913.42,2930.38,2957.34,2905.16,2921.12,-15.96,46.41,Hold
2024-05-07,2885.5,2920.97,2876.16,2915.63,2097447,0.95,-7.83,2910.03,2928.41,2955.36,2906.77,2920.71,-13.94,53.17,Hold
2024-05-08,2915.83,2934.34,2905.39,2907.78,4081776,-0.269,-8.07,2908.96,2925.61,2953.27,2906.93,2919.76,-12.83,54.96,Hold
2024-05-09,2919.43,2960.97,2896.01,2899.28,1126559,-0.292,-8.34,2908.64,2923.08,2951.26,2905.75,2918.24,-12.49,40.03,Hold
2024-05-10,2887.72,2925.62,2882.84,2907.91,2527229,0.298,-8.07,2910.87,2922.28,2949.35,2906.08,2917.47,-11.39,44.54,Hold
2024-05-13,2896.35,2902.82,2854.44,2884.52,3072166,-0.804,-8.81,2909.64,2922.27,2947.43,2902.77,2915.03,-12.26,45.13,Hold
2024-05-14,2887.24,2900.56,2837.68,2838.43,2164526,-1.598,-10.27,2905.6,2921.51,2945.22,2892.87,2909.36,-16.49,37.5,Hold
2024-05-15,2832.58,2869.66,2830.81,2849.98,1521987,0.407,-9.9,2903.68,2920.47,2943.28,2886.27,2904.96,-18.69,35.36,Hold
2024-05-16,2852.68,2856.58,2798.27,2801.33,1101261,-1.707,-11.44,2900.42,2918.52,2941.45,2873.2,2897.28,-24.08,29.29,Sell
2024-05-17,2802.84,2822.78,2796.0,2815.03,2516718,0.489,-11.01,2892.95,2916.54,2939.66,2864.25,2891.19,-26.94,34.62,Sell
2024-05-21,2806.08,2815.44,2733.77,2766.91,2133423,-1.709,-12.53,2884.2,2914.37,2937.88,2849.28,2881.98,-32.7,33.86,Sell
2024-05-22,2769.15,2769.3,2747.33,2764.17,3404385,-0.099,-12.61,2876.68,2913.09,2936.44,2836.18,2873.26,-37.08,29.52,Sell
2024-05-23,2770.57,2805.67,2755.48,2760.22,2865768,-0.143,-12.74,2868.46,2911.13,2934.91,2824.5,2864.88,-40.38,29.3,Sell
2024-05-24,2765.83,2832.86,2753.18,2819.82,3992679,2.159,-10.86,2862.07,2910.05,2933.81,2823.78,2861.55,-37.77,46.04,Sell
2024-05-27,2817.34,2829.27,2765.66,2784.37,4014140,-1.257,-11.98,2853.48,2908.28,2932.43,2817.71,2855.83,-38.12,34.98,Sell
2024-05-28,2777.87,2809.1,2718.78,2737.65,4456557,-1.678,-13.45,2844.14,2904.71,2930.9,2805.4,2847.08,-41.68,25.62,Sell
2024-05-29,2740.15,2768.16,2692.24,2716.96,2959740,-0.756,-14.11,2835.78,2901.41,2929.48,2791.79,2837.44,-45.65,24.74,Sell
2024-05-30,2705.52,2706.01,2693.82,2700.0,904590,-0.624,-14.64,2825.5,2898.06,2928.18,2777.67,2827.26,-49.59,24.2,Sell
2024-05-31,2696.28,2724.79,2686.7,2700.0,4208045,0.0,-14.64,2815.29,2894.02,2926.97,2765.72,2817.83,-52.11,22.47,Sell
2024-06-03,2697.37,2729.49,2690.09,2714.17,2331906,0.525,-14.2,2808.62,2889.0,2925.88,2757.79,2810.15,-52.36,26.88,Sell
2024-06-04,2722.28,2754.16,2689.13,2739.86,1379299,0.947,-13.38,2801.2,2884.5,2925.05,2755.03,2804.95,-49.92,35.84,Sell
2024-06-05,2732.51,2816.67,2713.31,2794.97,941202,2.011,-11.64,2795.17,2879.91,2924.54,2761.18,2804.21,-43.03,42.98,Hold
2024-06-06,2795.1,2797.62,2757.2,2770.82,1608441,-0.864,-12.4,2788.32,2875.29,2924.17,2762.66,2801.73,-39.07,45.84,Sell
2024-06-07,2771.92,2892.74,2755.24,2859.11,2448572,3.186,-9.61,2786.31,2872.22,2924.23,2777.5,2805.98,-28.48,54.99,Hold
2024-06-10,2861.77,2965.88,2845.1,2927.69,1459582,2.399,-7.45,2787.3,2870.65,2924.94,2800.6,2815.0,-14.4,67.4,Sell
2024-06-11,2930.94,2944.32,2882.1,2921.12,3146701,-0.224,-7.65,2789.13,2870.1,2925.64,2819.15,2822.86,-3.71,66.84,Sell
2024-06-12,2925.22,2960.65,2815.96,2841.38,4360738,-2.73,-10.17,2789.28,2867.8,2925.83,2822.57,2824.23,-1.66,57.49,Hold
2024-06-13,2839.33,2841.53,2837.74,2839.12,1572960,-0.08,-10.25,2788.73,2864.79,2925.81,2825.11,2825.33,-0.22,51.99,Hold
2024-06-14,2832.69,2845.94,2819.69,2842.16,4209602,0.107,-10.15,2790.78,2861.97,2925.5,2827.74,2826.58,1.16,56.39,Hold
2024-06-18,2848.0,2850.85,2750.68,2764.31,2633917,-2.739,-12.61,2788.24,2857.65,2925.08,2817.98,2821.97,-3.99,52.76,Sell
2024-06-19,2757.5,2795.42,2755.85,2767.31,1950902,0.109,-12.52,2788.26,2852.41,2924.53,2810.18,2817.92,-7.74,55.41,Hold
2024-06-20,2777.02,2796.11,2723.08,2761.22,1918733,-0.22,-12.71,2788.11,2847.96,2923.74,2802.65,2813.72,-11.07,56.73,Sell
2024-06-21,2749.11,2760.7,2728.27,2735.73,2315953,-0.923,-13.51,2786.89,2844.09,2922.64,2792.35,2807.94,-15.59,53.72,Sell
2024-06-24,2744.06,2772.04,2733.65,2757.13,4367730,0.782,-12.84,2783.75,2841.12,2921.81,2786.94,2804.18,-17.24,54.41,Hold
2024-06-25,2763.88,2794.42,2741.02,2791.22,3801017,1.236,-11.76,2784.1,2839.68,2921.07,2787.59,2803.22,-15.63,55.18,Hold
2024-06-26,2784.44,2799.66,2743.6,2775.77,3649564,-0.554,-12.25,2786.0,2837.02,2919.92,2785.78,2801.19,-15.41,47.89,Hold
2024-06-27,2770.85,2785.93,2759.6,2784.25,2939844,0.306,-11.98,2789.37,2834.32,2919.07,2785.54,2799.93,-14.39,51.52,Hold
2024-06-28,2781.5,2817.88,2748.53,2763.2,1853982,-0.756,-12.65,2792.53,2831.81,2918.02,2782.1,2797.21,-15.11,37.15,Hold
2024-07-01,2759.73,2783.89,2679.41,2737.95,2740624,-0.914,-13.44,2794.42,2829.24,2916.64,2775.31,2792.82,-17.51,21.23,Sell
2024-07-02,2731.45,2783.69,2726.27,2741.38,3148580,0.125,-13.34,2795.78,2824.78,2915.4,2770.09,2789.01,-18.92,22.48,Hold
2024-07-03,2744.31,2775.47,2719.51,2759.42,2565243,0.658,-12.76,2796.76,2821.13,2914.14,2768.45,2786.82,-18.37,34.53,Hold
2024-07-04,2763.07,2780.16,2733.26,2741.6,995358,-0.646,-13.33,2794.09,2817.67,2912.97,2764.32,2783.47,-19.15,32.62,Hold
2024-07-05,2743.28,2758.22,2661.7,2700.0,1432726,-1.517,-14.64,2790.55,2813.18,2911.73,2754.42,2777.29,-22.87,27.72,Sell
2024-07-08,2687.94,2748.74,2667.08,2719.79,3199320,0.733,-14.02,2783.59,2808.62,2910.73,2749.1,2773.03,-23.93,41.47,Sell
2024-07-09,2723.22,2736.52,2677.85,2700.0,2313895,-0.728,-14.64,2772.2,2803.5,2909.59,2741.54,2767.62,-26.08,37.88,Sell
2024-07-10,2697.13,2713.96,2663.08,2704.76,2669867,0.176,-14.49,2761.38,2799.11,2908.48,2735.88,2762.96,-27.08,39.79,Sell
2024-07-11,2698.56,2773.16,2662.97,2763.32,907715,2.165,-12.64,2757.48,2796.69,2907.49,2740.1,2762.99,-22.89,54.46,Hold
2024-07-12,2784.28,2786.14,2756.98,2763.59,1091240,0.01,-12.63,2753.71,2793.85,2906.66,2743.72,2763.03,-19.31,51.12,Hold
2024-07-15,2768.17,2796.93,2710.19,2724.96,3457384,-1.398,-13.85,2747.85,2790.26,2905.65,2740.83,2760.21,-19.38,38.69,Hold
2024-07-16,2700.51,2705.63,2691.04,2700.0,2093332,-0.916,-14.64,2744.63,2787.31,2904.34,2734.55,2755.75,-21.2,37.47,Sell
2024-07-18,2694.82,2753.85,2677.06,2738.73,3780988,1.434,-13.42,2743.2,2784.32,2903.12,2735.19,2754.49,-19.3,43.16,Hold
2024-07-19,2734.75,2753.27,2716.91,2739.0,1995727,0.01,-13.41,2742.09,2780.79,2902.13,2735.78,2753.34,-17.56,46.12,Hold
2024-07-22,2737.03,2778.68,2719.64,2757.56,3879390,0.678,-12.82,2743.18,2777.78,2901.11,2739.13,2753.66,-14.53,53.21,Hold
2024-07-23,2747.45,2817.2,2693.21,2789.04,3234179,1.142,-11.83,2744.78,2775.58,2900.32,2746.81,2756.28,-9.47,57.15,Hold
2024-07-24,2783.0,2798.53,2763.56,2788.24,1348664,-0.029,-11.85,2744.63,2773.19,2899.45,2753.18,2758.64,-5.46,54.56,Hold
2024-07-25,2795.04,2815.58,2772.6,2778.75,869942,-0.34,-12.15,2744.78,2771.07,2898.48,2757.12,2760.13,-3.01,56.04,Hold
2024-07-26,2789.27,2824.81,2729.14,2747.99,4236877,-1.107,-13.13,2742.96,2769.26,2897.13,2755.71,2759.23,-3.52,58.08,Hold
2024-07-29,2740.94,2743.13,2686.57,2700.0,4078408,-1.746,-14.64,2739.8,2766.26,2895.5,2747.14,2754.85,-7.71,46.96,Hold
2024-07-30,2694.67,2724.44,2688.26,2700.0,2859795,0.0,-14.64,2737.91,2764.24,2894.21,2739.89,2750.78,-10.89,50.0,Hold
2024-07-31,2712.0,2714.48,2685.2,2700.0,4172239,0.0,-14.64,2735.84,2761.93,2893.15,2733.75,2747.02,-13.27,49.21,Hold
2024-08-01,2692.97,2734.96,2662.61,2700.0,3128049,0.0,-14.64,2732.87,2760.6,2891.96,2728.56,2743.54,-14.98,36.91,Hold
2024-08-02,2706.83,2735.42,2655.77,2713.89,1675894,0.514,-14.2,2731.48,2759.59,2890.87,2726.3,2741.34,-15.04,40.28,Hold
2024-08-05,2714.78,2737.16,2709.52,2710.57,4182764,-0.122,-14.31,2732.01,2758.6,2889.56,2723.88,2739.06,-15.18,46.73,Hold
2024-08-06,2703.63,2742.2,2680.16,2716.57,2551092,0.221,-14.12,2731.85,2756.53,2888.23,2722.76,2737.4,-14.64,54.12,Hold
2024-08-07,2708.64,2760.72,2689.02,2743.07,906554,0.975,-13.28,2734.0,2755.71,2887.15,2725.88,2737.82,-11.94,51.15,Hold
2024-08-08,2745.65,2760.79,2711.13,2714.76,1998387,-1.032,-14.18,2734.5,2755.25,2885.73,2724.17,2736.11,-11.94,44.42,Hold
2024-08-09,2722.79,2749.77,2696.49,2706.22,2357576,-0.315,-14.45,2731.65,2755.03,2884.41,2721.41,2733.9,-12.49,37.6,Hold
2024-08-12,2697.72,2702.51,2693.56,2700.0,2768343,-0.23,-14.64,2728.47,2755.03,2883.42,2718.12,2731.38,-13.26,25.51,Hold
2024-08-13,2711.31,2747.01,2704.77,2732.33,1308509,1.197,-13.62,2728.84,2755.68,2882.22,2720.3,2731.45,-11.15,36.9,Hold
2024-08-14,2730.22,2739.01,2728.57,2734.41,3457160,0.076,-13.56,2730.56,2756.09,2881.36,2722.47,2731.67,-9.2,39.23,Hold
2024-08-16,2738.58,2759.44,2721.29,2751.3,898580,0.618,-13.02,2731.18,2756.31,2880.47,2726.91,2733.13,-6.22,50.86,Hold
2024-08-19,2748.78,2825.41,2720.15,2803.06,1549443,1.881,-11.39,2734.39,2756.48,2879.67,2738.62,2738.31,0.31,76.31,Sell
2024-08-20,2817.16,2841.45,2817.05,2840.21,3698222,1.325,-10.21,2738.52,2757.86,2879.02,2754.25,2745.86,8.39,80.09,Sell
2024-08-21,2825.36,2845.83,2792.04,2837.88,1390107,-0.082,-10.28,2740.96,2757.44,2878.65,2767.12,2752.67,14.45,79.3,Sell
2024-08-22,2823.38,2897.4,2798.77,2864.42,2869875,0.935,-9.45,2744.77,2756.17,2878.23,2782.09,2760.95,21.14,81.39,Sell
2024-08-23,2862.02,2867.98,2778.23,2814.92,1683834,-1.728,-11.01,2746.58,2754.05,2877.81,2787.14,2764.95,22.19,66.98,Sell
2024-08-26,2816.02,2846.3,2774.31,2829.3,2333903,0.511,-10.56,2750.65,2753.81,2877.69,2793.63,2769.71,23.92,69.24,Sell
2024-08-27,2815.19,2862.23,2814.32,2833.73,4198468,0.157,-10.42,2757.33,2753.7,2877.65,2799.8,2774.46,25.34,69.08,Sell
2024-08-28,2835.78,2849.09,2759.31,2778.42,1618075,-1.952,-12.16,2761.25,2752.43,2877.2,2796.51,2774.75,21.76,55.26,Hold
2024-08-29,2779.66,2856.49,2744.99,2822.73,1913726,1.595,-10.76,2767.39,2753.59,2876.91,2800.54,2778.3,22.24,65.35,Sell
2024-08-30,2819.48,2853.55,2769.28,2798.6,1618126,-0.855,-11.53,2772.32,2754.22,2876.35,2800.24,2779.81,20.43,62.57,Hold
2024-09-02,2792.46,2843.23,2755.32,2821.26,3199040,0.81,-10.81,2777.69,2755.42,2875.97,2803.48,2782.88,20.6,65.8,Sell
2024-09-03,2822.33,2824.67,2754.24,2806.76,3208629,-0.514,-11.27,2782.5,2756.84,2875.55,2803.98,2784.65,19.33,60.17,Hold
2024-09-04,2815.69,2870.92,2812.11,2839.95,934456,1.183,-10.22,2788.67,2758.5,2875.49,2809.51,2788.74,20.77,63.29,Hold
2024-09-05,2840.41,2898.24,2789.95,2884.38,2614526,1.564,-8.81,2795.73,2760.36,2875.69,2821.03,2795.83,25.2,65.67,Sell
2024-09-06,2879.19,2901.05,2848.8,2855.36,4392210,-1.006,-9.73,2802.76,2761.95,2875.65,2826.31,2800.24,26.07,56.51,Hold
2024-09-09,2862.46,2865.21,2774.36,2802.64,3161628,-1.846,-11.4,2807.58,2762.32,2875.38,2822.67,2800.42,22.25,45.5,Hold
2024-09-10,2810.95,2824.5,2782.26,2797.94,1018666,-0.168,-11.55,2812.48,2763.02,2875.01,2818.87,2800.23,18.64,45.24,Hold
2024-09-11,2802.68,2840.52,2782.96,2826.16,2790147,1.009,-10.66,2817.17,2764.78,2874.87,2819.99,2802.15,17.84,45.46,Hold
2024-09-12,2832.63,2868.7,2783.74,2813.29,3982815,-0.455,-11.06,2821.12,2766.22,2874.76,2818.96,2802.98,15.98,49.79,Hold
2024-09-13,2815.39,2831.99,2774.75,2792.29,4247525,-0.746,-11.73,2823.16,2766.88,2874.53,2814.86,2802.19,12.67,45.27,Hold
2024-09-16,2780.67,2850.1,2733.13,2808.38,2691487,0.576,-11.22,2823.43,2768.21,2874.42,2813.86,2802.64,11.22,46.86,Hold
2024-09-17,2804.92,2832.68,2676.23,2715.03,1452795,-3.324,-14.17,2817.17,2768.51,2873.73,2798.65,2796.15,2.5,42.82,Hold
2024-09-18,2712.5,2716.03,2690.08,2700.0,3859124,-0.554,-14.64,2810.28,2768.12,2872.92,2783.48,2789.03,-5.55,35.1,Hold
2024-09-19,2689.45,2715.27,2677.94,2700.0,2948185,0.0,-14.64,2802.06,2768.12,2871.82,2770.63,2782.44,-11.81,37.29,Hold
2024-09-20,2691.31,2732.01,2689.95,2709.28,1097725,0.344,-14.35,2796.78,2768.21,2870.79,2761.2,2777.02,-15.82,35.05,Hold
2024-09-23,2710.88,2714.09,2670.11,2700.0,3888701,-0.343,-14.64,2790.31,2766.94,2869.75,2751.78,2771.31,-19.53,35.54,Hold
2024-09-24,2702.15,2716.24,2685.7,2700.0,4290197,0.0,-14.64,2783.62,2765.67,2868.88,2743.81,2766.03,-22.22,29.17,Hold
2024-09-25,2706.72,2720.44,2670.15,2700.0,3680145,0.0,-14.64,2779.7,2765.17,2868.01,2737.07,2761.14,-24.07,18.38,Hold
2024-09-26,2696.62,2753.4,2696.51,2700.0,1173716,0.0,-14.64,2773.57,2765.17,2867.01,2731.37,2756.61,-25.24,20.41,Hold
2024-09-27,2703.29,2706.12,2690.2,2700.0,2488299,0.0,-14.64,2768.64,2764.39,2866.14,2726.54,2752.42,-25.88,25.54,Hold
2024-09-30,2693.96,2702.11,2681.8,2700.0,3581279,0.0,-14.64,2762.57,2763.61,2865.26,2722.46,2748.53,-26.07,26.13,Hold
2024-10-01,2700.5,2703.56,2659.21,2700.0,4072107,0.0,-14.64,2757.23,2762.46,2864.26,2719.0,2744.94,-25.94,14.34,Hold
2024-10-03,2700.97,2704.8,2681.95,2700.0,2614978,0.0,-14.64,2750.24,2760.68,2863.28,2716.08,2741.61,-25.53,15.47,Hold
2024-10-04,2711.87,2756.26,2684.68,2729.29,2725918,1.085,-13.72,2742.48,2759.5,2862.52,2718.11,2740.7,-22.59,31.72,Hold
2024-10-07,2735.7,2742.49,2719.68,2725.45,2813961,-0.141,-13.84,2735.99,2758.44,2861.57,2719.24,2739.57,-20.33,24.1,Hold
2024-10-08,2723.08,2751.38,2716.41,2742.33,2846363,0.619,-13.31,2732.97,2758.32,2860.69,2722.79,2739.77,-16.98,66.33,Sell
2024-10-09,2746.58,2794.06,2721.46,2757.85,3451344,0.566,-12.81,2730.97,2759.48,2859.8,2728.19,2741.11,-12.92,84.4,Sell
2024-10-10,2764.78,2775.82,2717.53,2730.89,1498116,-0.978,-13.67,2726.2,2760.1,2858.57,2728.6,2740.35,-11.75,63.91,Hold
2024-10-11,2728.26,2813.62,2724.03,2749.3,3673792,0.674,-13.08,2723.0,2761.08,2857.22,2731.79,2741.02,-9.23,66.65,Sell
2024-10-14,2740.51,2807.29,2716.65,2760.54,2562361,0.409,-12.73,2721.42,2762.3,2855.99,2736.21,2742.46,-6.25,74.78,Sell
2024-10-15,2773.06,2781.29,2760.62,2770.65,1775545,0.366,-12.41,2719.53,2763.43,2854.89,2741.51,2744.55,-3.04,76.71,Sell
2024-10-16,2776.95,2794.75,2748.21,2757.12,4132077,-0.488,-12.84,2721.63,2764.36,2853.67,2743.91,2745.48,-1.57,69.59,Sell
2024-10-17,2765.36,2775.81,2730.11,2742.72,2909079,-0.522,-13.29,2723.77,2764.88,2852.39,2743.73,2745.28,-1.55,63.33,Hold
2024-10-18,2743.18,2770.97,2723.54,2768.3,2091812,0.933,-12.48,2727.19,2765.39,2851.59,2747.51,2746.98,0.53,68.38,Sell
2024-10-21,2764.72,2861.55,2761.27,2840.51,1997283,2.608,-10.2,2733.75,2767.9,2850.91,2761.82,2753.91,7.91,77.23,Sell
2024-10-22,2853.01,2873.71,2810.74,2811.93,1900312,-1.006,-11.1,2739.34,2770.02,2850.08,2769.53,2758.21,11.32,69.53,Sell
2024-10-23,2809.4,2839.31,2775.33,2829.68,4416900,0.631,-10.54,2745.83,2772.61,2849.21,2778.78,2763.5,15.28,71.31,Sell
2024-10-24,2828.75,2841.69,2801.87,2816.96,4485724,-0.45,-10.95,2751.68,2774.3,2848.48,2784.65,2767.46,17.19,65.23,Sell
2024-10-25,2826.22,2847.53,2794.45,2843.21,4037560,0.932,-10.12,2758.84,2776.48,2847.64,2793.66,2773.07,20.59,68.98,Sell
2024-10-28,2835.54,2873.16,2816.59,2857.88,2163191,0.516,-9.65,2766.73,2778.61,2846.98,2803.54,2779.36,24.18,68.76,Sell
2024-10-29,2849.52,2905.11,2830.27,2893.95,2770799,1.262,-8.51,2776.43,2780.43,2846.52,2817.45,2787.84,29.61,70.72,Sell
2024-10-30,2889.23,2892.84,2753.35,2796.61,1061464,-3.364,-11.59,2781.26,2779.56,2845.82,2814.24,2788.49,25.75,58.24,Hold
2024-10-31,2810.17,2825.59,2775.59,2777.0,4391794,-0.701,-12.21,2785.11,2778.34,2845.04,2808.51,2787.64,20.87,53.46,Hold
2024-11-01,2766.02,2769.83,2716.57,2744.62,1758577,-1.166,-13.23,2785.88,2775.94,2844.14,2798.68,2784.46,14.22,48.11,Hold
2024-11-04,2744.05,2778.91,2713.06,2741.61,2481251,-0.11,-13.33,2786.68,2774.48,2843.25,2789.9,2781.28,8.62,46.49,Hold
2024-11-05,2741.56,2770.85,2712.82,2718.35,4208822,-0.848,-14.06,2785.48,2772.26,2842.16,2778.9,2776.62,2.28,45.43,Hold
2024-11-06,2718.21,2731.17,2692.35,2700.0,1176327,-0.675,-14.64,2782.59,2769.58,2840.97,2766.76,2770.94,-4.18,45.01,Hold
2024-11-07,2708.37,2726.36,2693.31,2722.63,3322143,0.838,-13.93,2782.18,2768.47,2839.71,2759.97,2767.37,-7.4,44.62,Hold
2024-11-08,2720.75,2833.61,2683.28,2785.32,3403043,2.303,-11.95,2783.98,2767.72,2838.85,2763.87,2768.7,-4.83,43.36,Hold
2024-11-11,2793.5,2795.24,2674.97,2700.0,2025126,-3.063,-14.64,2780.95,2765.75,2837.73,2754.04,2763.61,-9.57,38.14,Hold
2024-11-12,2680.17,2708.17,2657.24,2700.0,959763,0.0,-14.64,2777.42,2763.32,2836.61,2745.73,2758.9,-13.17,35.73,Hold
2024-11-13,2700.51,2711.09,2676.83,2710.65,3577148,0.394,-14.31,2775.1,2761.4,2835.43,2740.33,2755.32,-14.99,38.25,Hold
2024-11-14,2711.86,2717.39,2698.75,2711.35,3149804,0.026,-14.28,2773.53,2758.83,2834.03,2735.87,2752.06,-16.19,34.55,Hold
2024-11-18,2711.47,2736.41,2693.09,2700.66,3138710,-0.394,-14.62,2770.15,2755.15,2832.42,2730.46,2748.26,-17.8,31.4,Hold
2024-11-19,2705.63,2736.15,2684.75,2700.0,3377832,-0.024,-14.64,2763.12,2752.05,2831.13,2725.77,2744.68,-18.91,24.96,Hold
2024-11-21,2702.82,2711.93,2652.84,2700.0,2484905,0.0,-14.64,2757.52,2749.99,2829.76,2721.81,2741.37,-19.56,33.34,Hold
2024-11-22,2706.74,2735.79,2695.96,2724.03,1748319,0.89,-13.88,2752.24,2748.52,2828.25,2722.15,2740.09,-17.94,41.0,Hold
2024-11-25,2726.36,2785.67,2683.06,2759.74,4195037,1.311,-12.75,2749.38,2747.19,2826.91,2727.93,2741.54,-13.61,52.54,Hold
2024-11-26,2772.39,2788.73,2760.92,2763.49,1957324,0.136,-12.64,2745.39,2746.19,2825.67,2733.4,2743.17,-9.77,53.67,Hold
2024-11-27,2764.44,2765.95,2730.58,2736.32,4201504,-0.983,-13.5,2739.32,2745.07,2824.23,2733.85,2742.66,-8.81,52.97,Hold
2024-11-28,2741.31,2755.63,2713.94,2740.01,2177797,0.135,-13.38,2731.62,2743.71,2822.9,2734.8,2742.47,-7.67,56.95,Hold
2024-11-29,2735.8,2754.59,2714.33,2732.66,2893610,-0.268,-13.61,2728.42,2744.06,2821.42,2734.47,2741.74,-7.27,51.84,Hold
2024-12-02,2723.07,2768.61,2712.83,2751.1,4397911,0.675,-13.03,2727.13,2745.08,2820.02,2737.03,2742.43,-5.4,42.5,Hold
2024-12-03,2751.51,2758.58,2731.15,2755.56,4489042,0.162,-12.89,2727.67,2746.19,2818.39,2739.88,2743.4,-3.52,68.86,Sell
2024-12-04,2745.83,2767.46,2730.22,2735.55,1786310,-0.726,-13.52,2727.37,2746.72,2816.56,2739.21,2742.82,-3.61,60.62,Hold
2024-12-05,2749.44,2776.6,2736.31,2742.35,3275896,0.249,-13.3,2728.57,2747.56,2814.89,2739.7,2742.79,-3.09,59.7,Hold
2024-12-06,2748.53,2774.13,2703.96,2704.09,3254388,-1.395,-14.51,2728.78,2747.65,2812.92,2734.22,2739.92,-5.7,48.19,Hold
2024-12-09,2721.81,2739.65,2710.44,2731.24,2086195,1.004,-13.66,2729.21,2748.27,2810.9,2733.76,2739.28,-5.52,57.03,Hold
2024-12-10,2728.2,2794.72,2701.57,2770.54,1313287,1.439,-12.41,2728.47,2749.68,2809.19,2739.42,2741.59,-2.17,63.77,Hold
2024-12-11,2763.72,2775.63,2690.2,2731.91,2081563,-1.394,-13.63,2730.06,2750.32,2807.35,2738.26,2740.88,-2.62,55.41,Hold
2024-12-12,2745.18,2780.58,2736.3,2746.26,1351833,0.525,-13.18,2732.38,2751.24,2806.01,2739.49,2741.28,-1.79,53.9,Hold
2024-12-13,2757.71,2760.9,2697.74,2714.14,3915909,-1.17,-14.2,2732.55,2751.53,2804.34,2735.59,2739.27,-3.68,41.9,Hold
2024-12-16,2714.62,2756.27,2708.0,2749.59,1758913,1.306,-13.08,2734.46,2752.52,2802.96,2737.75,2740.03,-2.28,47.78,Hold
2024-12-17,2765.11,2792.25,2723.49,2779.97,4112782,1.105,-12.12,2738.43,2753.53,2802.12,2744.24,2742.99,1.25,56.9,Hold
2024-12-18,2764.78,2793.75,2748.05,2772.85,4103606,-0.256,-12.34,2742.07,2754.48,2801.56,2748.64,2745.2,3.44,55.13,Hold
2024-12-19,2768.38,2816.36,2765.72,2806.51,1975768,1.214,-11.28,2747.4,2755.76,2801.22,2757.55,2749.74,7.81,60.67,Hold
2024-12-20,2800.86,2825.41,2760.86,2792.55,3149141,-0.497,-11.72,2750.82,2756.46,2800.67,2762.93,2752.91,10.02,56.07,Hold
2024-12-23,2790.97,2831.57,2763.44,2771.56,3595068,-0.752,-12.38,2751.41,2757.27,2800.03,2764.26,2754.29,9.97,52.23,Hold
2024-12-24,2758.14,2762.91,2725.07,2753.2,1016908,-0.662,-12.96,2750.9,2757.35,2799.23,2762.56,2754.21,8.35,52.48,Hold
2024-12-26,2749.35,2775.04,2729.02,2749.1,3066865,-0.149,-13.09,2751.54,2757.12,2798.6,2760.49,2753.83,6.66,50.95,Hold
2024-12-27,2739.38,2743.92,2736.39,2738.98,3346703,-0.368,-13.41,2751.49,2756.49,2798.15,2757.18,2752.73,4.45,55.36,Hold
2024-12-30,2734.53,2754.96,2728.58,2744.6,3092169,0.205,-13.23,2752.08,2756.24,2797.58,2755.24,2752.13,3.11,52.2,Hold
2024-12-31,2757.77,2763.97,2711.24,2724.89,2159705,-0.718,-13.86,2750.77,2755.88,2796.84,2750.57,2750.11,0.46,41.98,Hold
